Rank,Business,Category,City,Priority Tier,Verified Opportunity,Phone,Email,Reachability,Recommended Angle,Source URL,Verified Date,Status
1,Leader Restoration,Mold / Restoration,"San Jose, CA",A,"September 2026 FREE mold inspection live through Sep 30; 24/7 availability; 60-minute arrival target","(408) 868-2433",,24/7,"Turn the live free-inspection promotion into a full educational September campaign",https://call.leaderestoration.com/mold-408,2026-09-05,Contact Ready
2,FloodDry Water Damage Restoration,Water / Mold / Fire Restoration,"San Jose, CA",A,"Official site crawled today; 24/7; free inspections; ~45-minute response in many San Jose ZIP codes; direct email published","(408) 404-4000",service@flooddrywdr.com,24/7,"Surface-dry vs structural-moisture education tied to moisture mapping and documentation",https://flooddrywdr.com/water-damage-restoration-san-jose/,2026-09-05,Contact Ready
3,Therma Tech,HVAC,"San Jose, CA",A,"Official financing page active; free estimates; financing subject to approval; contact page says email replies within 1 business hour","(408) 629-5400",info@thermatechhvac.com,"Mon-Fri 7:00-5:30; Sat 8:00-2:30; Sun closed","Plain-English financing objection handling around upfront replacement cost",https://thermatechhvac.com/contact,2026-09-05,Contact Ready
4,CostLess Heating & Cooling,HVAC,"San Jose, CA",A,"Current listing shows 24/7 availability; 4.9 rating with 966 reviews; residential/light commercial HVAC","(408) 823-7221",,24/7,"Repair-first / second-opinion campaign that reduces replacement anxiety",https://www.google.com/search?q=CostLess+Heating+Cooling+San+Jose,2026-09-05,Contact Ready
5,Los Gatos Roofing,Roofing / Gutters,"San Jose, CA",A,"Current listing shows 24/7; roofing plus custom seamless gutter services; 233 reviews","(408) 677-2818",,24/7,"Connect roof inspection with drainage/gutter performance",https://www.google.com/search?q=Los+Gatos+Roofing+San+Jose,2026-09-05,Contact Ready
6,Precision Heating & Cooling,HVAC / Commercial Refrigeration,"San Jose, CA",A,"Current listing shows 24/7; commercial HVAC and commercial refrigeration repair; 18 reviews","(408) 642-8674",,24/7,"Commercial refrigeration downtime/inventory-risk education plus genuine review growth",https://www.google.com/search?q=Precision+Heating+Cooling+San+Jose,2026-09-05,Contact Ready
7,"Roofs By Reveille, Inc",Roofing,"San Jose, CA",A,"Current listing shows 24/7; residential and commercial roofing; 35 reviews",800-395-7855,,24/7,"Repair-vs-replacement education plus genuine review acquisition",https://www.google.com/search?q=Roofs+By+Reveille+San+Jose,2026-09-05,Contact Ready
8,A1 Restoration,Water / Fire / Mold Restoration,"San Jose, CA",A,"Current listing shows 24/7 emergency response; free damage assessments; 4.9 rating and 206 reviews","(408) 827-9686",,24/7,"First-30-minutes emergency checklist that leads naturally into free assessment",https://www.google.com/search?q=A1+Restoration+San+Jose,2026-09-05,Contact Ready
9,911 Restoration of San Jose,Water / Fire / Commercial Restoration,"San Jose, CA",A,"Current listing shows 24/7; commercial and residential restoration; 5.0 rating with 126 reviews","(408) 449-4904",,24/7,"Commercial business-interruption education focused on rapid restoration response",https://www.google.com/search?q=911+Restoration+San+Jose,2026-09-05,Contact Ready
10,Any Hour Water and Fire,Water / Fire Restoration,San Jose area,B,"Current listing shows 5.0 rating with 296 reviews and weekend availability 8-5","(669) 304-3545",,"Daily 8:00-5:00","Mitigation-first customer education: stop ongoing damage before rebuild",https://www.google.com/search?q=Any+Hour+Water+Fire+San+Jose,2026-09-05,Contact Ready
